captureTimestamp,captureDateTime,captureRevision,eventID,stateID,raceType,raceTypeID,tabulationStatus,raceCallStatus,officeID,officeName,incumbents.0.first,incumbents.0.last,incumbents.0.party,incumbents.0.candidateID,incumbents.0.polID,incumbents.0.polNum,national,state,keyRace,parameters.vote.expected.actual,parameters.vote.expected.eevpCap,parameters.vote.total,parameters.vote.registered,isUpdated,raceID,electionDate,statePostal,incumbentID,candidates.58549.first,candidates.58549.last,candidates.58549.incumbent,candidates.58549.party,candidates.58549.candidateID,candidates.58549.ballotOrder,candidates.58549.polID,candidates.58549.polNum,candidates.58549.electWon,candidates.63031.first,candidates.63031.last,candidates.63031.abbrv,candidates.63031.party,candidates.63031.candidateID,candidates.63031.ballotOrder,candidates.63031.polID,candidates.63031.polNum,candidates.63031.electWon,candidates.63505.first,candidates.63505.last,candidates.63505.party,candidates.63505.candidateID,candidates.63505.ballotOrder,candidates.63505.polID,candidates.63505.polNum,candidates.63505.electWon,candidates.63506.first,candidates.63506.last,candidates.63506.party,candidates.63506.candidateID,candidates.63506.ballotOrder,candidates.63506.polID,candidates.63506.polNum,candidates.63506.electWon,candidates.58549.winnerDateTime
1667886761,2022-11-08 05:52:41 +0000,454ce019f86614717daba988180b8577e032630f,TX-20221108_Eday80,44,General,G,Awaiting Poll Close,Too Early to Call,G,Governor,Greg,Abbott,GOP,58549,41404,47499,True,True,True,9750000,99,0,14625000,True,20221108TX45901,2022-11-08,TX,58549,Greg,Abbott,True,GOP,58549,1,41404,47499,0,Beto,O'Rourke,ORourke,Dem,63031,3,61921,50634,0,Delilah,Barrios,Grn,63505,2,71747,53409,0,Mark,Tippetts,Lib,63506,4,67209,52324,0,
1667955430,2022-11-09 00:57:10 +0000,e9bf9bc2954735d2abe72015bd1ac602b27e7679,TX-20221108_Eday80,44,General,G,Awaiting Poll Close,Too Early to Call,G,Governor,Greg,Abbott,GOP,58549,41404,47499,True,True,True,9750000,97,0,14625000,True,20221108TX45901,2022-11-08,TX,58549,Greg,Abbott,True,GOP,58549,1,41404,47499,0,Beto,O'Rourke,ORourke,Dem,63031,3,61921,50634,0,Delilah,Barrios,Grn,63505,2,71747,53409,0,Mark,Tippetts,Lib,63506,4,67209,52324,0,
1667956272,2022-11-09 01:11:12 +0000,e9730fe8cd073de363599251493da8f113e7bb60,TX-20221108_Eday80,44,General,G,Active Tabulation,Too Early to Call,G,Governor,Greg,Abbott,GOP,58549,41404,47499,True,True,True,9750000,97,1483319,14625000,True,20221108TX45901,2022-11-08,TX,58549,Greg,Abbott,True,GOP,58549,1,41404,47499,0,Beto,O'Rourke,ORourke,Dem,63031,3,61921,50634,0,Delilah,Barrios,Grn,63505,2,71747,53409,0,Mark,Tippetts,Lib,63506,4,67209,52324,0,
1667957119,2022-11-09 01:25:19 +0000,6d7ee88678b17ac3babfbeca22c88d840ddf7ac8,TX-20221108_Eday80,44,General,G,Active Tabulation,Too Early to Call,G,Governor,Greg,Abbott,GOP,58549,41404,47499,True,True,True,9750000,97,1964967,14625000,True,20221108TX45901,2022-11-08,TX,58549,Greg,Abbott,True,GOP,58549,1,41404,47499,0,Beto,O'Rourke,ORourke,Dem,63031,3,61921,50634,0,Delilah,Barrios,Grn,63505,2,71747,53409,0,Mark,Tippetts,Lib,63506,4,67209,52324,0,
1667957430,2022-11-09 01:30:30 +0000,03f90a735487a191903970f5b59ebf51d460c3e0,TX-20221108_Eday80,44,General,G,Active Tabulation,Too Early to Call,G,Governor,Greg,Abbott,GOP,58549,41404,47499,True,True,True,9750000,97,2025726,14625000,True,20221108TX45901,2022-11-08,TX,58549,Greg,Abbott,True,GOP,58549,1,41404,47499,0,Beto,O'Rourke,ORourke,Dem,63031,3,61921,50634,0,Delilah,Barrios,Grn,63505,2,71747,53409,0,Mark,Tippetts,Lib,63506,4,67209,52324,0,
1667957715,2022-11-09 01:35:15 +0000,97cbc8b93cc842818a0fba948144842c3e8d51f0,TX-20221108_Eday80,44,General,G,Active Tabulation,Too Early to Call,G,Governor,Greg,Abbott,GOP,58549,41404,47499,True,True,True,9750000,97,1964967,14625000,True,20221108TX45901,2022-11-08,TX,58549,Greg,Abbott,True,GOP,58549,1,41404,47499,0,Beto,O'Rourke,ORourke,Dem,63031,3,61921,50634,0,Delilah,Barrios,Grn,63505,2,71747,53409,0,Mark,Tippetts,Lib,63506,4,67209,52324,0,
1667957993,2022-11-09 01:39:53 +0000,af6b7ce58befb45bf1dd57f93615d5da519d3770,TX-20221108_Eday80,44,General,G,Active Tabulation,Too Early to Call,G,Governor,Greg,Abbott,GOP,58549,41404,47499,True,True,True,9750000,97,2025726,14625000,True,20221108TX45901,2022-11-08,TX,58549,Greg,Abbott,True,GOP,58549,1,41404,47499,0,Beto,O'Rourke,ORourke,Dem,63031,3,61921,50634,0,Delilah,Barrios,Grn,63505,2,71747,53409,0,Mark,Tippetts,Lib,63506,4,67209,52324,0,
1667958273,2022-11-09 01:44:33 +0000,4199c67ba64ae17927c85a89877c89e59a577ae0,TX-20221108_Eday80,44,General,G,Active Tabulation,Too Early to Call,G,Governor,Greg,Abbott,GOP,58549,41404,47499,True,True,True,9750000,97,2473850,14625000,True,20221108TX45901,2022-11-08,TX,58549,Greg,Abbott,True,GOP,58549,1,41404,47499,0,Beto,O'Rourke,ORourke,Dem,63031,3,61921,50634,0,Delilah,Barrios,Grn,63505,2,71747,53409,0,Mark,Tippetts,Lib,63506,4,67209,52324,0,
1667958559,2022-11-09 01:49:19 +0000,0a6694bb1cdd9734aff1178f6a5894d33a1a95cc,TX-20221108_Eday80,44,General,G,Active Tabulation,Too Early to Call,G,Governor,Greg,Abbott,GOP,58549,41404,47499,True,True,True,9750000,97,2212688,14625000,True,20221108TX45901,2022-11-08,TX,58549,Greg,Abbott,True,GOP,58549,1,41404,47499,0,Beto,O'Rourke,ORourke,Dem,63031,3,61921,50634,0,Delilah,Barrios,Grn,63505,2,71747,53409,0,Mark,Tippetts,Lib,63506,4,67209,52324,0,
1667958843,2022-11-09 01:54:03 +0000,cdc0d2ad2c3afd665dd741c97f9de238aafb3cf6,TX-20221108_Eday80,44,General,G,Active Tabulation,Too Early to Call,G,Governor,Greg,Abbott,GOP,58549,41404,47499,True,True,True,9750000,97,2529293,14625000,True,20221108TX45901,2022-11-08,TX,58549,Greg,Abbott,True,GOP,58549,1,41404,47499,0,Beto,O'Rourke,ORourke,Dem,63031,3,61921,50634,0,Delilah,Barrios,Grn,63505,2,71747,53409,0,Mark,Tippetts,Lib,63506,4,67209,52324,0,
1667959699,2022-11-09 02:08:19 +0000,204acec220204cf7636f9483a8300da582a314fa,TX-20221108_Eday80,44,General,G,Active Tabulation,Too Early to Call,G,Governor,Greg,Abbott,GOP,58549,41404,47499,True,True,True,9750000,97,3052566,14625000,True,20221108TX45901,2022-11-08,TX,58549,Greg,Abbott,True,GOP,58549,1,41404,47499,0,Beto,O'Rourke,ORourke,Dem,63031,3,61921,50634,0,Delilah,Barrios,Grn,63505,2,71747,53409,0,Mark,Tippetts,Lib,63506,4,67209,52324,0,
1667959981,2022-11-09 02:13:01 +0000,f7108f15221a3f4ac4310e0ba678593081137a5c,TX-20221108_Eday80,44,General,G,Active Tabulation,Too Early to Call,G,Governor,Greg,Abbott,GOP,58549,41404,47499,True,True,True,9750000,97,3154644,14625000,True,20221108TX45901,2022-11-08,TX,58549,Greg,Abbott,True,GOP,58549,1,41404,47499,0,Beto,O'Rourke,ORourke,Dem,63031,3,61921,50634,0,Delilah,Barrios,Grn,63505,2,71747,53409,0,Mark,Tippetts,Lib,63506,4,67209,52324,0,
1667960540,2022-11-09 02:22:20 +0000,8f457dad835364421624abf7a3b05a9acf49f0bd,TX-20221108_Eday80,44,General,G,Active Tabulation,Too Early to Call,G,Governor,Greg,Abbott,GOP,58549,41404,47499,True,True,True,9750000,97,3738876,14625000,True,20221108TX45901,2022-11-08,TX,58549,Greg,Abbott,True,GOP,58549,1,41404,47499,0,Beto,O'Rourke,ORourke,Dem,63031,3,61921,50634,0,Delilah,Barrios,Grn,63505,2,71747,53409,0,Mark,Tippetts,Lib,63506,4,67209,52324,0,
1667961709,2022-11-09 02:41:49 +0000,0f04550731ed05e8c23b521fa0b273774c5a4a51,TX-20221108_Eday80,44,General,G,Active Tabulation,Too Early to Call,G,Governor,Greg,Abbott,GOP,58549,41404,47499,True,True,True,9750000,97,4157377,14625000,True,20221108TX45901,2022-11-08,TX,58549,Greg,Abbott,True,GOP,58549,1,41404,47499,0,Beto,O'Rourke,ORourke,Dem,63031,3,61921,50634,0,Delilah,Barrios,Grn,63505,2,71747,53409,0,Mark,Tippetts,Lib,63506,4,67209,52324,0,
1667961990,2022-11-09 02:46:30 +0000,34fd47cd084122fe0c5fed09f89e8cc11319e728,TX-20221108_Eday80,44,General,G,Active Tabulation,Too Early to Call,G,Governor,Greg,Abbott,GOP,58549,41404,47499,True,True,True,9750000,97,4147133,14625000,True,20221108TX45901,2022-11-08,TX,58549,Greg,Abbott,True,GOP,58549,1,41404,47499,0,Beto,O'Rourke,ORourke,Dem,63031,3,61921,50634,0,Delilah,Barrios,Grn,63505,2,71747,53409,0,Mark,Tippetts,Lib,63506,4,67209,52324,0,
1667962272,2022-11-09 02:51:12 +0000,22cc2cb364805735e8373437043abe797d3cbbf4,TX-20221108_Eday80,44,General,G,Active Tabulation,Too Early to Call,G,Governor,Greg,Abbott,GOP,58549,41404,47499,True,True,True,9750000,97,4283978,14625000,True,20221108TX45901,2022-11-08,TX,58549,Greg,Abbott,True,GOP,58549,1,41404,47499,0,Beto,O'Rourke,ORourke,Dem,63031,3,61921,50634,0,Delilah,Barrios,Grn,63505,2,71747,53409,0,Mark,Tippetts,Lib,63506,4,67209,52324,0,
1667962837,2022-11-09 03:00:37 +0000,d57fedbb0cf82cf130c9d008e459203d23c317e0,TX-20221108_Eday80,44,General,G,Active Tabulation,Too Early to Call,G,Governor,Greg,Abbott,GOP,58549,41404,47499,True,True,True,9750000,97,4311144,14625000,True,20221108TX45901,2022-11-08,TX,58549,Greg,Abbott,True,GOP,58549,1,41404,47499,0,Beto,O'Rourke,ORourke,Dem,63031,3,61921,50634,0,Delilah,Barrios,Grn,63505,2,71747,53409,0,Mark,Tippetts,Lib,63506,4,67209,52324,0,
1667963111,2022-11-09 03:05:11 +0000,e819c6c0592b367c01eebbb86e897f39b2d774d1,TX-20221108_Eday80,44,General,G,Active Tabulation,Too Early to Call,G,Governor,Greg,Abbott,GOP,58549,41404,47499,True,True,True,9750000,97,5120245,14625000,True,20221108TX45901,2022-11-08,TX,58549,Greg,Abbott,True,GOP,58549,1,41404,47499,0,Beto,O'Rourke,ORourke,Dem,63031,3,61921,50634,0,Delilah,Barrios,Grn,63505,2,71747,53409,0,Mark,Tippetts,Lib,63506,4,67209,52324,0,
1667963396,2022-11-09 03:09:56 +0000,6a46c0776c43a17d759f81499ba9ed2e8d7622fc,TX-20221108_Eday80,44,General,G,Active Tabulation,Too Early to Call,G,Governor,Greg,Abbott,GOP,58549,41404,47499,True,True,True,9750000,97,4418090,14625000,True,20221108TX45901,2022-11-08,TX,58549,Greg,Abbott,True,GOP,58549,1,41404,47499,0,Beto,O'Rourke,ORourke,Dem,63031,3,61921,50634,0,Delilah,Barrios,Grn,63505,2,71747,53409,0,Mark,Tippetts,Lib,63506,4,67209,52324,0,
1667963668,2022-11-09 03:14:28 +0000,504ec01bb7ea4ec861b67f44aa636e0055b5ba3d,TX-20221108_Eday80,44,General,G,Active Tabulation,Too Early to Call,G,Governor,Greg,Abbott,GOP,58549,41404,47499,True,True,True,9750000,97,5120245,14625000,True,20221108TX45901,2022-11-08,TX,58549,Greg,Abbott,True,GOP,58549,1,41404,47499,0,Beto,O'Rourke,ORourke,Dem,63031,3,61921,50634,0,Delilah,Barrios,Grn,63505,2,71747,53409,0,Mark,Tippetts,Lib,63506,4,67209,52324,0,
1667963936,2022-11-09 03:18:56 +0000,05b874b27e9d0f9fdd5056261aa4b35a7cfd0586,TX-20221108_Eday80,44,General,G,Active Tabulation,Too Early to Call,G,Governor,Greg,Abbott,GOP,58549,41404,47499,True,True,True,9750000,97,5431832,14625000,True,20221108TX45901,2022-11-08,TX,58549,Greg,Abbott,True,GOP,58549,1,41404,47499,0,Beto,O'Rourke,ORourke,Dem,63031,3,61921,50634,0,Delilah,Barrios,Grn,63505,2,71747,53409,0,Mark,Tippetts,Lib,63506,4,67209,52324,0,
1667964860,2022-11-09 03:34:20 +0000,ee3367b043972f1875e6948799a9babb4f41fd05,TX-20221108_Eday80,44,General,G,Active Tabulation,Too Early to Call,G,Governor,Greg,Abbott,GOP,58549,41404,47499,True,True,True,9750000,97,5576246,14625000,True,20221108TX45901,2022-11-08,TX,58549,Greg,Abbott,True,GOP,58549,1,41404,47499,0,Beto,O'Rourke,ORourke,Dem,63031,3,61921,50634,0,Delilah,Barrios,Grn,63505,2,71747,53409,0,Mark,Tippetts,Lib,63506,4,67209,52324,0,
1667965711,2022-11-09 03:48:31 +0000,3f97935f76145660588ec69d4480a824e21e2bd4,TX-20221108_Eday80,44,General,G,Active Tabulation,Too Early to Call,G,Governor,Greg,Abbott,GOP,58549,41404,47499,True,True,True,9750000,97,5803254,14625000,True,20221108TX45901,2022-11-08,TX,58549,Greg,Abbott,True,GOP,58549,1,41404,47499,0,Beto,O'Rourke,ORourke,Dem,63031,3,61921,50634,0,Delilah,Barrios,Grn,63505,2,71747,53409,0,Mark,Tippetts,Lib,63506,4,67209,52324,0,
1667966989,2022-11-09 04:09:49 +0000,47c6fd3e525919b429e23d0446afd1809e9c353c,TX-20221108_Eday80,44,General,G,Active Tabulation,Too Early to Call,G,Governor,Greg,Abbott,GOP,58549,41404,47499,True,True,True,9750000,97,6057618,14625000,True,20221108TX45901,2022-11-08,TX,58549,Greg,Abbott,True,GOP,58549,1,41404,47499,0,Beto,O'Rourke,ORourke,Dem,63031,3,61921,50634,0,Delilah,Barrios,Grn,63505,2,71747,53409,0,Mark,Tippetts,Lib,63506,4,67209,52324,0,
1667967269,2022-11-09 04:14:29 +0000,68d92bf23b94b96637a56b0d567d37a581d41ead,TX-20221108_Eday80,44,General,G,Active Tabulation,Called,G,Governor,Greg,Abbott,GOP,58549,41404,47499,True,True,True,9750000,97,6220175,14625000,True,20221108TX45901,2022-11-08,TX,58549,Greg,Abbott,True,GOP,58549,1,41404,47499,0,Beto,O'Rourke,ORourke,Dem,63031,3,61921,50634,0,Delilah,Barrios,Grn,63505,2,71747,53409,0,Mark,Tippetts,Lib,63506,4,67209,52324,0,2022-11-09T03:56:00.284Z
1667967816,2022-11-08 22:23:36 -0600,d408c38a39cd0e703677d5a02a0d39ca6987e85c,TX-20221108_Eday80,44,General,G,Active Tabulation,Called,G,Governor,Greg,Abbott,GOP,58549,41404,47499,True,True,True,9750000,97,6236722,14625000,True,20221108TX45901,2022-11-08,TX,58549,Greg,Abbott,True,GOP,58549,1,41404,47499,0,Beto,O'Rourke,ORourke,Dem,63031,3,61921,50634,0,Delilah,Barrios,Grn,63505,2,71747,53409,0,Mark,Tippetts,Lib,63506,4,67209,52324,0,2022-11-09T03:56:00.284Z
1667968138,2022-11-08 22:28:58 -0600,78be3d1941803188124b187362be51adf1e8fdfb,TX-20221108_Eday80,44,General,G,Active Tabulation,Called,G,Governor,Greg,Abbott,GOP,58549,41404,47499,True,True,True,9750000,97,6282978,14625000,True,20221108TX45901,2022-11-08,TX,58549,Greg,Abbott,True,GOP,58549,1,41404,47499,0,Beto,O'Rourke,ORourke,Dem,63031,3,61921,50634,0,Delilah,Barrios,Grn,63505,2,71747,53409,0,Mark,Tippetts,Lib,63506,4,67209,52324,0,2022-11-09T03:56:00.284Z
1667968757,2022-11-08 22:39:17 -0600,444e7baf756125a86bedac9f7455307c41fed63a,TX-20221108_Eday80,44,General,G,Active Tabulation,Called,G,Governor,Greg,Abbott,GOP,58549,41404,47499,True,True,True,9750000,97,6435559,14625000,True,20221108TX45901,2022-11-08,TX,58549,Greg,Abbott,True,GOP,58549,1,41404,47499,0,Beto,O'Rourke,ORourke,Dem,63031,3,61921,50634,0,Delilah,Barrios,Grn,63505,2,71747,53409,0,Mark,Tippetts,Lib,63506,4,67209,52324,0,2022-11-09T03:56:00.284Z
1667969505,2022-11-08 22:51:45 -0600,ffc1def8f9e2bf7a494bb8b128a38f199b58da48,TX-20221108_Eday80,44,General,G,Active Tabulation,Called,G,Governor,Greg,Abbott,GOP,58549,41404,47499,True,True,True,9750000,97,6480471,14625000,True,20221108TX45901,2022-11-08,TX,58549,Greg,Abbott,True,GOP,58549,1,41404,47499,0,Beto,O'Rourke,ORourke,Dem,63031,3,61921,50634,0,Delilah,Barrios,Grn,63505,2,71747,53409,0,Mark,Tippetts,Lib,63506,4,67209,52324,0,2022-11-09T03:56:00.284Z
1667969768,2022-11-08 22:56:08 -0600,13751e5ba6ec1b0e3bf8ed4bdd82f9ad01fec7e2,TX-20221108_Eday80,44,General,G,Active Tabulation,Called,G,Governor,Greg,Abbott,GOP,58549,41404,47499,True,True,True,9750000,97,6699055,14625000,True,20221108TX45901,2022-11-08,TX,58549,Greg,Abbott,True,GOP,58549,1,41404,47499,0,Beto,O'Rourke,ORourke,Dem,63031,3,61921,50634,0,Delilah,Barrios,Grn,63505,2,71747,53409,0,Mark,Tippetts,Lib,63506,4,67209,52324,0,2022-11-09T03:56:00.284Z
1667970637,2022-11-08 23:10:37 -0600,879713b6aae904f8cc55b1a8c3ce99346dd39ab3,TX-20221108_Eday80,44,General,G,Active Tabulation,Called,G,Governor,Greg,Abbott,GOP,58549,41404,47499,True,True,True,9750000,97,6935550,14625000,True,20221108TX45901,2022-11-08,TX,58549,Greg,Abbott,True,GOP,58549,1,41404,47499,0,Beto,O'Rourke,ORourke,Dem,63031,3,61921,50634,0,Delilah,Barrios,Grn,63505,2,71747,53409,0,Mark,Tippetts,Lib,63506,4,67209,52324,0,2022-11-09T03:56:00.284Z
1667971482,2022-11-08 23:24:42 -0600,23c628a73988ac759f27061cca400c61ae3577c8,TX-20221108_Eday80,44,General,G,Active Tabulation,Called,G,Governor,Greg,Abbott,GOP,58549,41404,47499,True,True,True,9750000,97,6972134,14625000,True,20221108TX45901,2022-11-08,TX,58549,Greg,Abbott,True,GOP,58549,1,41404,47499,0,Beto,O'Rourke,ORourke,Dem,63031,3,61921,50634,0,Delilah,Barrios,Grn,63505,2,71747,53409,0,Mark,Tippetts,Lib,63506,4,67209,52324,0,2022-11-09T03:56:00.284Z
1667972364,2022-11-08 23:39:24 -0600,bfe9cb466aa6b65574c16effa903cd993efd4fe0,TX-20221108_Eday80,44,General,G,Active Tabulation,Called,G,Governor,Greg,Abbott,GOP,58549,41404,47499,True,True,True,9750000,97,7121355,14625000,True,20221108TX45901,2022-11-08,TX,58549,Greg,Abbott,True,GOP,58549,1,41404,47499,0,Beto,O'Rourke,ORourke,Dem,63031,3,61921,50634,0,Delilah,Barrios,Grn,63505,2,71747,53409,0,Mark,Tippetts,Lib,63506,4,67209,52324,0,2022-11-09T03:56:00.284Z
1667973115,2022-11-08 23:51:55 -0600,76528750fef7c265d19f91ec30e86804e3da6e06,TX-20221108_Eday80,44,General,G,Active Tabulation,Called,G,Governor,Greg,Abbott,GOP,58549,41404,47499,True,True,True,9750000,97,7204441,14625000,True,20221108TX45901,2022-11-08,TX,58549,Greg,Abbott,True,GOP,58549,1,41404,47499,0,Beto,O'Rourke,ORourke,Dem,63031,3,61921,50634,0,Delilah,Barrios,Grn,63505,2,71747,53409,0,Mark,Tippetts,Lib,63506,4,67209,52324,0,2022-11-09T03:56:00.284Z
1667974664,2022-11-09 00:17:44 -0600,d987a91643923201706646f74ed6cc4da6a088a6,TX-20221108_Eday80,44,General,G,Active Tabulation,Called,G,Governor,Greg,Abbott,GOP,58549,41404,47499,True,True,True,9750000,97,7337063,14625000,True,20221108TX45901,2022-11-08,TX,58549,Greg,Abbott,True,GOP,58549,1,41404,47499,0,Beto,O'Rourke,ORourke,Dem,63031,3,61921,50634,0,Delilah,Barrios,Grn,63505,2,71747,53409,0,Mark,Tippetts,Lib,63506,4,67209,52324,0,2022-11-09T03:56:00.284Z
1667975277,2022-11-09 00:27:57 -0600,17c095274dda52ebfb3b73285837dfacff37cb9b,TX-20221108_Eday80,44,General,G,Active Tabulation,Called,G,Governor,Greg,Abbott,GOP,58549,41404,47499,True,True,True,9750000,97,7391220,14625000,True,20221108TX45901,2022-11-08,TX,58549,Greg,Abbott,True,GOP,58549,1,41404,47499,0,Beto,O'Rourke,ORourke,Dem,63031,3,61921,50634,0,Delilah,Barrios,Grn,63505,2,71747,53409,0,Mark,Tippetts,Lib,63506,4,67209,52324,0,2022-11-09T03:56:00.284Z
1667976184,2022-11-09 00:43:04 -0600,fe83a024be41b5416de8f3b3aadef0173027df04,TX-20221108_Eday80,44,General,G,Active Tabulation,Called,G,Governor,Greg,Abbott,GOP,58549,41404,47499,True,True,True,9750000,97,7536157,14625000,True,20221108TX45901,2022-11-08,TX,58549,Greg,Abbott,True,GOP,58549,1,41404,47499,0,Beto,O'Rourke,ORourke,Dem,63031,3,61921,50634,0,Delilah,Barrios,Grn,63505,2,71747,53409,0,Mark,Tippetts,Lib,63506,4,67209,52324,0,2022-11-09T03:56:00.284Z
1667976834,2022-11-09 00:53:54 -0600,66d316822c5fe8194918b7a1fd16a85b82525509,TX-20221108_Eday80,44,General,G,Active Tabulation,Called,G,Governor,Greg,Abbott,GOP,58549,41404,47499,True,True,True,9750000,97,7536135,14625000,True,20221108TX45901,2022-11-08,TX,58549,Greg,Abbott,True,GOP,58549,1,41404,47499,0,Beto,O'Rourke,ORourke,Dem,63031,3,61921,50634,0,Delilah,Barrios,Grn,63505,2,71747,53409,0,Mark,Tippetts,Lib,63506,4,67209,52324,0,2022-11-09T03:56:00.284Z
1667976875,2022-11-09 00:54:35 -0600,aef5a4a9a30b34f946f3098786ce9297f77ec589,TX-20221108_Eday80,44,General,G,Active Tabulation,Called,G,Governor,Greg,Abbott,GOP,58549,41404,47499,True,True,True,9750000,97,7536157,14625000,True,20221108TX45901,2022-11-08,TX,58549,Greg,Abbott,True,GOP,58549,1,41404,47499,0,Beto,O'Rourke,ORourke,Dem,63031,3,61921,50634,0,Delilah,Barrios,Grn,63505,2,71747,53409,0,Mark,Tippetts,Lib,63506,4,67209,52324,0,2022-11-09T03:56:00.284Z
1667976996,2022-11-09 00:56:36 -0600,c42ff185ff10da6e900ee98d629248349a3fcfdc,TX-20221108_Eday80,44,General,G,Active Tabulation,Called,G,Governor,Greg,Abbott,GOP,58549,41404,47499,True,True,True,9750000,97,7536135,14625000,True,20221108TX45901,2022-11-08,TX,58549,Greg,Abbott,True,GOP,58549,1,41404,47499,0,Beto,O'Rourke,ORourke,Dem,63031,3,61921,50634,0,Delilah,Barrios,Grn,63505,2,71747,53409,0,Mark,Tippetts,Lib,63506,4,67209,52324,0,2022-11-09T03:56:00.284Z
1667977812,2022-11-09 01:10:12 -0600,f6003f8f022049fc0501c9f6d634893d3cdbfc16,TX-20221108_Eday80,44,General,G,Active Tabulation,Called,G,Governor,Greg,Abbott,GOP,58549,41404,47499,True,True,True,9750000,97,7678282,14625000,True,20221108TX45901,2022-11-08,TX,58549,Greg,Abbott,True,GOP,58549,1,41404,47499,0,Beto,O'Rourke,ORourke,Dem,63031,3,61921,50634,0,Delilah,Barrios,Grn,63505,2,71747,53409,0,Mark,Tippetts,Lib,63506,4,67209,52324,0,2022-11-09T03:56:00.284Z
1667978624,2022-11-09 01:23:44 -0600,97e704602754dedf1a218b99d26e3136f940ebe6,TX-20221108_Eday80,44,General,G,Active Tabulation,Called,G,Governor,Greg,Abbott,GOP,58549,41404,47499,True,True,True,9750000,97,7692979,14625000,True,20221108TX45901,2022-11-08,TX,58549,Greg,Abbott,True,GOP,58549,1,41404,47499,0,Beto,O'Rourke,ORourke,Dem,63031,3,61921,50634,0,Delilah,Barrios,Grn,63505,2,71747,53409,0,Mark,Tippetts,Lib,63506,4,67209,52324,0,2022-11-09T03:56:00.284Z
1667979473,2022-11-09 01:37:53 -0600,5d943cd360aaf4835af0f146a5a7aa603bfdd4cb,TX-20221108_Eday80,44,General,G,Active Tabulation,Called,G,Governor,Greg,Abbott,GOP,58549,41404,47499,True,True,True,9750000,97,7701588,14625000,True,20221108TX45901,2022-11-08,TX,58549,Greg,Abbott,True,GOP,58549,1,41404,47499,0,Beto,O'Rourke,ORourke,Dem,63031,3,61921,50634,0,Delilah,Barrios,Grn,63505,2,71747,53409,0,Mark,Tippetts,Lib,63506,4,67209,52324,0,2022-11-09T03:56:00.284Z
1667981123,2022-11-09 02:05:23 -0600,cab57d2c03fab6367d8f4209c67e475f346b5a09,TX-20221108_Eday80,44,General,G,Active Tabulation,Called,G,Governor,Greg,Abbott,GOP,58549,41404,47499,True,True,True,9750000,97,7765239,14625000,True,20221108TX45901,2022-11-08,TX,58549,Greg,Abbott,True,GOP,58549,1,41404,47499,0,Beto,O'Rourke,ORourke,Dem,63031,3,61921,50634,0,Delilah,Barrios,Grn,63505,2,71747,53409,0,Mark,Tippetts,Lib,63506,4,67209,52324,0,2022-11-09T03:56:00.284Z
1667982835,2022-11-09 02:33:55 -0600,8e48ed8e0efd40f8d0dda28d27448766e0119b60,TX-20221108_Eday80,44,General,G,Active Tabulation,Called,G,Governor,Greg,Abbott,GOP,58549,41404,47499,True,True,True,9750000,97,7766265,14625000,True,20221108TX45901,2022-11-08,TX,58549,Greg,Abbott,True,GOP,58549,1,41404,47499,0,Beto,O'Rourke,ORourke,Dem,63031,3,61921,50634,0,Delilah,Barrios,Grn,63505,2,71747,53409,0,Mark,Tippetts,Lib,63506,4,67209,52324,0,2022-11-09T03:56:00.284Z
1667983677,2022-11-09 02:47:57 -0600,9b7838a280f19cbb6fbc0c7b4c210c0b0c878b69,TX-20221108_Eday80,44,General,G,Active Tabulation,Called,G,Governor,Greg,Abbott,GOP,58549,41404,47499,True,True,True,9750000,97,7766895,14625000,True,20221108TX45901,2022-11-08,TX,58549,Greg,Abbott,True,GOP,58549,1,41404,47499,0,Beto,O'Rourke,ORourke,Dem,63031,3,61921,50634,0,Delilah,Barrios,Grn,63505,2,71747,53409,0,Mark,Tippetts,Lib,63506,4,67209,52324,0,2022-11-09T03:56:00.284Z
1667984402,2022-11-09 03:00:02 -0600,555c6c1c19b6031d93d1a0906788ce779bfb8929,TX-20221108_Eday80,44,General,G,Active Tabulation,Called,G,Governor,Greg,Abbott,GOP,58549,41404,47499,True,True,True,9750000,97,7818482,14625000,True,20221108TX45901,2022-11-08,TX,58549,Greg,Abbott,True,GOP,58549,1,41404,47499,0,Beto,O'Rourke,ORourke,Dem,63031,3,61921,50634,0,Delilah,Barrios,Grn,63505,2,71747,53409,0,Mark,Tippetts,Lib,63506,4,67209,52324,0,2022-11-09T03:56:00.284Z
1667985436,2022-11-09 03:17:16 -0600,3424d47f5341c2a346e8a3799f78a52faeab6c0b,TX-20221108_Eday80,44,General,G,Active Tabulation,Called,G,Governor,Greg,Abbott,GOP,58549,41404,47499,True,True,True,9750000,97,7822351,14625000,True,20221108TX45901,2022-11-08,TX,58549,Greg,Abbott,True,GOP,58549,1,41404,47499,0,Beto,O'Rourke,ORourke,Dem,63031,3,61921,50634,0,Delilah,Barrios,Grn,63505,2,71747,53409,0,Mark,Tippetts,Lib,63506,4,67209,52324,0,2022-11-09T03:56:00.284Z
1667986229,2022-11-09 03:30:29 -0600,de4f075f484eeefc61db9b38c50cadb02e21f0eb,TX-20221108_Eday80,44,General,G,Active Tabulation,Called,G,Governor,Greg,Abbott,GOP,58549,41404,47499,True,True,True,9750000,97,7818576,14625000,True,20221108TX45901,2022-11-08,TX,58549,Greg,Abbott,True,GOP,58549,1,41404,47499,0,Beto,O'Rourke,ORourke,Dem,63031,3,61921,50634,0,Delilah,Barrios,Grn,63505,2,71747,53409,0,Mark,Tippetts,Lib,63506,4,67209,52324,0,2022-11-09T03:56:00.284Z
1667987805,2022-11-09 03:56:45 -0600,bbb6a6d5fd03b4b1c0bc88f9b3ab4c08369a3edd,TX-20221108_Eday80,44,General,G,Active Tabulation,Called,G,Governor,Greg,Abbott,GOP,58549,41404,47499,True,True,True,9750000,97,7872472,14625000,True,20221108TX45901,2022-11-08,TX,58549,Greg,Abbott,True,GOP,58549,1,41404,47499,0,Beto,O'Rourke,ORourke,Dem,63031,3,61921,50634,0,Delilah,Barrios,Grn,63505,2,71747,53409,0,Mark,Tippetts,Lib,63506,4,67209,52324,0,2022-11-09T03:56:00.284Z
1667989041,2022-11-09 04:17:21 -0600,bc5911b3ed71beee72651a07b463dd7490179043,TX-20221108_Eday80,44,General,G,Active Tabulation,Called,G,Governor,Greg,Abbott,GOP,58549,41404,47499,True,True,True,9750000,97,7885954,14625000,True,20221108TX45901,2022-11-08,TX,58549,Greg,Abbott,True,GOP,58549,1,41404,47499,0,Beto,O'Rourke,ORourke,Dem,63031,3,61921,50634,0,Delilah,Barrios,Grn,63505,2,71747,53409,0,Mark,Tippetts,Lib,63506,4,67209,52324,0,2022-11-09T03:56:00.284Z
1667990526,2022-11-09 04:42:06 -0600,70be907630a2873d9a33e021189fd13031a24665,TX-20221108_Eday80,44,General,G,Active Tabulation,Called,G,Governor,Greg,Abbott,GOP,58549,41404,47499,True,True,True,9750000,97,7972925,14625000,True,20221108TX45901,2022-11-08,TX,58549,Greg,Abbott,True,GOP,58549,1,41404,47499,0,Beto,O'Rourke,ORourke,Dem,63031,3,61921,50634,0,Delilah,Barrios,Grn,63505,2,71747,53409,0,Mark,Tippetts,Lib,63506,4,67209,52324,0,2022-11-09T03:56:00.284Z
1667994749,2022-11-09 05:52:29 -0600,148724610ce66af596333590b2c0815505e94ceb,TX-20221108_Eday80,44,General,G,Active Tabulation,Called,G,Governor,Greg,Abbott,GOP,58549,41404,47499,True,True,True,9750000,97,8065054,14625000,True,20221108TX45901,2022-11-08,TX,58549,Greg,Abbott,True,GOP,58549,1,41404,47499,0,Beto,O'Rourke,ORourke,Dem,63031,3,61921,50634,0,Delilah,Barrios,Grn,63505,2,71747,53409,0,Mark,Tippetts,Lib,63506,4,67209,52324,0,2022-11-09T03:56:00.284Z
1667996475,2022-11-09 06:21:15 -0600,3678215d63aaa3fdb30dbded7cb668153e64af41,TX-20221108_Eday80,44,General,G,Active Tabulation,Called,G,Governor,Greg,Abbott,GOP,58549,41404,47499,True,True,True,8229647,97,8065054,14625000,True,20221108TX45901,2022-11-08,TX,58549,Greg,Abbott,True,GOP,58549,1,41404,47499,0,Beto,O'Rourke,ORourke,Dem,63031,3,61921,50634,0,Delilah,Barrios,Grn,63505,2,71747,53409,0,Mark,Tippetts,Lib,63506,4,67209,52324,0,2022-11-09T03:56:00.284Z
1668008647,2022-11-09 09:44:07 -0600,a29ae319d8e2179ffed6e1ca850277640b6f8c02,TX-20221108_Eday80,44,General,G,Active Tabulation,Called,G,Governor,Greg,Abbott,GOP,58549,41404,47499,True,True,True,8229647,97,8070485,14625000,True,20221108TX45901,2022-11-08,TX,58549,Greg,Abbott,True,GOP,58549,1,41404,47499,0,Beto,O'Rourke,ORourke,Dem,63031,3,61921,50634,0,Delilah,Barrios,Grn,63505,2,71747,53409,0,Mark,Tippetts,Lib,63506,4,67209,52324,0,2022-11-09T03:56:00.284Z
1668010245,2022-11-09 10:10:45 -0600,c4b5308f940511c9838b928c648ccd32f76b1dc7,TX-20221108_Eday80,44,General,G,Active Tabulation,Called,G,Governor,Greg,Abbott,GOP,58549,41404,47499,True,True,True,8229647,97,8072698,14625000,True,20221108TX45901,2022-11-08,TX,58549,Greg,Abbott,True,GOP,58549,1,41404,47499,0,Beto,O'Rourke,ORourke,Dem,63031,3,61921,50634,0,Delilah,Barrios,Grn,63505,2,71747,53409,0,Mark,Tippetts,Lib,63506,4,67209,52324,0,2022-11-09T03:56:00.284Z
1668013770,2022-11-09 11:09:30 -0600,985ba2507ef43cb105755e4f1f403a98dc80d4cd,TX-20221108_Eday80,44,General,G,Active Tabulation,Called,G,Governor,Greg,Abbott,GOP,58549,41404,47499,True,True,True,8229647,99,8072698,14625000,True,20221108TX45901,2022-11-08,TX,58549,Greg,Abbott,True,GOP,58549,1,41404,47499,0,Beto,O'Rourke,ORourke,Dem,63031,3,61921,50634,0,Delilah,Barrios,Grn,63505,2,71747,53409,0,Mark,Tippetts,Lib,63506,4,67209,52324,0,2022-11-09T03:56:00.284Z
1668030666,2022-11-09 15:51:06 -0600,df8e11f14ed2a1e2c4946ffa6aad8bd786d1507b,TX-20221108_Eday80,44,General,G,Active Tabulation,Called,G,Governor,Greg,Abbott,GOP,58549,41404,47499,True,True,True,8229647,99,8078156,14625000,True,20221108TX45901,2022-11-08,TX,58549,Greg,Abbott,True,GOP,58549,1,41404,47499,0,Beto,O'Rourke,ORourke,Dem,63031,3,61921,50634,0,Delilah,Barrios,Grn,63505,2,71747,53409,0,Mark,Tippetts,Lib,63506,4,67209,52324,0,2022-11-09T03:56:00.284Z
1668043394,2022-11-09 19:23:14 -0600,2d1a5a29bc6c18230bd707449bc3502aba6d12a0,TX-20221108_Eday80,44,General,G,Active Tabulation,Called,G,Governor,Greg,Abbott,GOP,58549,41404,47499,True,True,True,8229647,99,8077696,14625000,True,20221108TX45901,2022-11-08,TX,58549,Greg,Abbott,True,GOP,58549,1,41404,47499,0,Beto,O'Rourke,ORourke,Dem,63031,3,61921,50634,0,Delilah,Barrios,Grn,63505,2,71747,53409,0,Mark,Tippetts,Lib,63506,4,67209,52324,0,2022-11-09T03:56:00.284Z
1668050170,2022-11-09 21:16:10 -0600,f27a08527fef6503702572302c84f915e34224c0,TX-20221108_Eday80,44,General,G,Active Tabulation,Called,G,Governor,Greg,Abbott,GOP,58549,41404,47499,True,True,True,8229647,99,8081916,14625000,True,20221108TX45901,2022-11-08,TX,58549,Greg,Abbott,True,GOP,58549,1,41404,47499,0,Beto,O'Rourke,ORourke,Dem,63031,3,61921,50634,0,Delilah,Barrios,Grn,63505,2,71747,53409,0,Mark,Tippetts,Lib,63506,4,67209,52324,0,2022-11-09T03:56:00.284Z
1668095977,2022-11-10 09:59:37 -0600,2c4633cbc783f4f9004f6a4e17b6b4c22ce17da4,TX-20221108_Eday80,44,General,G,Active Tabulation,Called,G,Governor,Greg,Abbott,GOP,58549,41404,47499,True,True,True,8179545,99,8081916,14625000,True,20221108TX45901,2022-11-08,TX,58549,Greg,Abbott,True,GOP,58549,1,41404,47499,0,Beto,O'Rourke,ORourke,Dem,63031,3,61921,50634,0,Delilah,Barrios,Grn,63505,2,71747,53409,0,Mark,Tippetts,Lib,63506,4,67209,52324,0,2022-11-09T03:56:00.284Z
1668099134,2022-11-10 10:52:14 -0600,0a9d2b7f3ff79fdbc5480f80cb07e9427ee9748a,TX-20221108_Eday80,44,General,G,Active Tabulation,Called,G,Governor,Greg,Abbott,GOP,58549,41404,47499,True,True,True,8179545,99,8081985,14625000,True,20221108TX45901,2022-11-08,TX,58549,Greg,Abbott,True,GOP,58549,1,41404,47499,0,Beto,O'Rourke,ORourke,Dem,63031,3,61921,50634,0,Delilah,Barrios,Grn,63505,2,71747,53409,0,Mark,Tippetts,Lib,63506,4,67209,52324,0,2022-11-09T03:56:00.284Z
1668100863,2022-11-10 11:21:03 -0600,1d3d8a21cdf8a51b8d14410370754f387b4cc7be,TX-20221108_Eday80,44,General,G,Active Tabulation,Called,G,Governor,Greg,Abbott,GOP,58549,41404,47499,True,True,True,8179545,99,8074868,14625000,True,20221108TX45901,2022-11-08,TX,58549,Greg,Abbott,True,GOP,58549,1,41404,47499,0,Beto,O'Rourke,ORourke,Dem,63031,3,61921,50634,0,Delilah,Barrios,Grn,63505,2,71747,53409,0,Mark,Tippetts,Lib,63506,4,67209,52324,0,2022-11-09T03:56:00.284Z
1668125278,2022-11-10 18:07:58 -0600,7e47315b7fb5346371ecbb9e633260aa725190f4,TX-20221108_Eday80,44,General,G,Active Tabulation,Called,G,Governor,Greg,Abbott,GOP,58549,41404,47499,True,True,True,8179545,99,8075966,14625000,True,20221108TX45901,2022-11-08,TX,58549,Greg,Abbott,True,GOP,58549,1,41404,47499,0,Beto,O'Rourke,ORourke,Dem,63031,3,61921,50634,0,Delilah,Barrios,Grn,63505,2,71747,53409,0,Mark,Tippetts,Lib,63506,4,67209,52324,0,2022-11-09T03:56:00.284Z
1668144937,2022-11-10 23:35:37 -0600,5e9adabeef1a877df06fab84690acea82cdbb08d,TX-20221108_Eday80,44,General,G,Active Tabulation,Called,G,Governor,Greg,Abbott,GOP,58549,41404,47499,True,True,True,8157541,99,8075966,14625000,True,20221108TX45901,2022-11-08,TX,58549,Greg,Abbott,True,GOP,58549,1,41404,47499,0,Beto,O'Rourke,ORourke,Dem,63031,3,61921,50634,0,Delilah,Barrios,Grn,63505,2,71747,53409,0,Mark,Tippetts,Lib,63506,4,67209,52324,0,2022-11-09T03:56:00.284Z
1668144982,2022-11-10 23:36:22 -0600,86547cdb59ae5624d71108b55718033999e7f380,TX-20221108_Eday80,44,General,G,Active Tabulation,Called,G,Governor,Greg,Abbott,GOP,58549,41404,47499,True,True,True,8179545,99,8075966,14625000,True,20221108TX45901,2022-11-08,TX,58549,Greg,Abbott,True,GOP,58549,1,41404,47499,0,Beto,O'Rourke,ORourke,Dem,63031,3,61921,50634,0,Delilah,Barrios,Grn,63505,2,71747,53409,0,Mark,Tippetts,Lib,63506,4,67209,52324,0,2022-11-09T03:56:00.284Z
1668145023,2022-11-10 23:37:03 -0600,02cf4bc4da6da78a10e21617cc621e305a446ceb,TX-20221108_Eday80,44,General,G,Active Tabulation,Called,G,Governor,Greg,Abbott,GOP,58549,41404,47499,True,True,True,8157541,99,8075966,14625000,True,20221108TX45901,2022-11-08,TX,58549,Greg,Abbott,True,GOP,58549,1,41404,47499,0,Beto,O'Rourke,ORourke,Dem,63031,3,61921,50634,0,Delilah,Barrios,Grn,63505,2,71747,53409,0,Mark,Tippetts,Lib,63506,4,67209,52324,0,2022-11-09T03:56:00.284Z
1668447454,2022-11-14 11:37:34 -0600,ea133f41cc8e2c8ef258c1317555e8276c392776,TX-20221108_Eday80,44,General,G,Tabulation Paused,Called,G,Governor,Greg,Abbott,GOP,58549,41404,47499,True,True,True,8157541,99,8075966,14625000,True,20221108TX45901,2022-11-08,TX,58549,Greg,Abbott,True,GOP,58549,1,41404,47499,0,Beto,O'Rourke,ORourke,Dem,63031,3,61921,50634,0,Delilah,Barrios,Grn,63505,2,71747,53409,0,Mark,Tippetts,Lib,63506,4,67209,52324,0,2022-11-09T03:56:00.284Z
